dateReferentiel;route;pr;depPr;concessionPr;abs;cumul;x;y;z;cote;Gestionnaire;Agence ;Fait;Ausculte;Structure
01/01/2024;A0007;0;13;N;0;262014;881107,2;6269235,08;0;D;DIRMED;AIX;Non;Non;Inconnu
01/01/2024;A0007;254;13;N;0;262186;881134,88;6269083,74;0;D;DIRMED;AIX;Non;Non;Inconnu
01/01/2024;A0007;255;13;N;0;263190;881278,57;6268094,99;0;D;DIRMED;AIX;Non;Non;Inconnu
01/01/2024;A0007;256;13;N;0;264190;881262,41;6267100,62;0;D;DIRMED;AIX;Non;Non;Inconnu
01/01/2024;A0007;257;13;N;0;265194;880838,84;6266196,75;0;D;DIRMED;AIX;Non;Non;Inconnu
01/01/2024;A0007;258;13;N;0;266229;880893,09;6265205,4;0;D;DIRMED;AIX;Non;Non;Inconnu
01/01/2024;A0007;259;13;N;0;267234;881110,71;6264230,59;0;D;DIRMED;AIX;Non;Non;Inconnu
01/01/2024;A0007;260;13;N;0;268241;881583,12;6263352,19;0;D;DIRMED;AIX;Non;Non;Inconnu
01/01/2024;A0007;261;13;N;0;269243;882240,53;6262600,97;0;D;DIRMED;AIX;Non;Non;Inconnu
01/01/2024;A0007;262;13;N;0;270239;882859,46;6261818,48;0;D;DIRMED;AIX;Non;Non;Inconnu
01/01/2024;A0007;263;13;N;0;271247;883474,39;6261019,49;0;D;DIRMED;AIX;Non;Non;Inconnu
01/01/2024;A0007;264;13;N;0;272252;884182,34;6260313,85;0;D;DIRMED;AIX;Non;Non;Inconnu
01/01/2024;A0007;265;13;N;0;273144;884842,65;6259713,83;0;D;DIRMED;AIX;Non;Non;Inconnu
01/01/2024;A0007;266;13;N;0;274262;885711,7;6259045,89;0;D;DIRMED;AIX;Non;Non;Inconnu
01/01/2024;A0007;267;13;N;0;275261;886680,53;6258798,5;0;D;DIRMED;AIX;Non;Non;Inconnu
01/01/2024;A0007;268;13;N;0;276278;887680,36;6258878,93;0;D;DIRMED;AIX;Non;Non;Inconnu
01/01/2024;A0007;269;13;N;0;277278;888631;6259183,86;0;D;DIRMED;AIX;Non;Non;Inconnu
01/01/2024;A0007;270;13;N;0;278267;889592,3;6259000,38;0;D;DIRMED;AIX;Non;Non;Inconnu
01/01/2024;A0007;271;13;N;0;279257;890370,26;6258436,48;0;D;DIRMED;AIX;Non;Oui;Inconnu
01/01/2024;A0007;272;13;N;0;280254;890553;6257460,24;0;D;DIRMED;MARSEILLE;Non;Oui;Inconnu
01/01/2024;A0007;273;13;N;0;281262;890646,97;6256470,77;0;D;DIRMED;MARSEILLE;Oui;Oui;14GB_6BBSG_2.5BBTM
01/01/2024;A0007;274;13;N;0;282265;891339,9;6255768,21;0;D;DIRMED;MARSEILLE;Oui;Oui;14GB_6BBSG_2.5BBTM
01/01/2024;A0007;275;13;N;0;283262;891413,17;6254785,26;0;D;DIRMED;MARSEILLE;Oui;Oui;14GB_6BBSG_2.5BBTM
01/01/2024;A0007;276;13;N;0;284277;891615,02;6253795,19;0;D;DIRMED;MARSEILLE;Oui;Oui;14GB_6BBSG_2.5BBTM
01/01/2024;A0007;277;13;N;0;285279;892128,55;6252962,79;0;D;DIRMED;MARSEILLE;Oui;Oui;"10GB_7BBSG_2;5BBTM"
01/01/2024;A0007;278;13;N;0;286277;892727,22;6252173,97;0;D;DIRMED;MARSEILLE;Non;Oui;Inconnu
01/01/2024;A0007;279;13;N;0;287274;892874,55;6251189,56;0;D;DIRMED;MARSEILLE;Non;Oui;Inconnu
01/01/2024;A0007;280;13;N;0;288268;892988,93;6250204,21;0;D;DIRMED;MARSEILLE;Non;Oui;Inconnu
01/01/2024;A0007;281;13;N;0;289260;892901,26;6249216,66;0;D;DIRMED;MARSEILLE;Non;Oui;Inconnu
01/01/2024;A0007;282;13;N;0;290275;892806,24;6248208,34;0;D;DIRMED;MARSEILLE;Non;Oui;Inconnu
01/01/2024;A0050;0;13;N;0;0;894935,9;6245660,12;0;D;DIRMED;MARSEILLE;Non;Non;Inconnu
01/01/2024;A0050;1;13;N;0;393;895314,03;6245767,26;0;D;DIRMED;MARSEILLE;Non;Non;Inconnu
01/01/2024;A0050;2;13;N;0;1394;896303,91;6245850,34;0;D;DIRMED;MARSEILLE;Non;Non;Inconnu
01/01/2024;A0050;3;13;N;0;2395;897291,94;6246008,67;0;D;DIRMED;MARSEILLE;Non;Non;Inconnu
01/01/2024;A0050;4;13;N;0;3394;898257,38;6246262,29;0;D;DIRMED;MARSEILLE;Non;Non;Inconnu
01/01/2024;A0050;5;13;N;0;4397;899140;6246735,65;0;D;DIRMED;MARSEILLE;Non;Non;Inconnu
01/01/2024;A0050;6;13;N;0;5396;900066,46;6247065,52;0;D;DIRMED;MARSEILLE;Non;Non;Inconnu
01/01/2024;A0050;7;13;N;0;6397;901049,85;6246893,17;0;D;DIRMED;MARSEILLE;Non;Non;Inconnu
01/01/2024;A0050;8;13;N;0;7397;902021,11;6246659,57;0;D;DIRMED;MARSEILLE;Non;Non;Inconnu
01/01/2024;A0050;9;13;N;0;8398;902994,36;6246424,8;0;D;DIRMED;MARSEILLE;Non;Non;Inconnu
01/01/2024;A0050;10;13;N;0;9399;903968,6;6246194,28;0;D;DIRMED;MARSEILLE;Non;Non;Inconnu
01/01/2024;A0050;11;13;N;0;10407;904961,72;6246130,86;0;D;DIRMED;MARSEILLE;Non;Non;Inconnu
01/01/2024;A0050;12;13;N;0;11408;905940,14;6246344,99;0;D;DIRMED;MARSEILLE;Non;Non;Inconnu
01/01/2024;A0050;13;13;N;0;12412;906911,96;6246582,47;0;D;DIRMED;MARSEILLE;Non;Non;Inconnu
01/01/2024;A0050;14;13;N;0;13400;907847,3;6246663,78;0;D;DIRMED;MARSEILLE;Non;Non;Inconnu
01/01/2024;A0050;15;13;N;0;14401;908759,25;6246260,25;0;D;DIRMED;MARSEILLE;Non;Non;Inconnu
01/01/2024;A0051;0;13;N;0;0;890563,42;6257972,76;0;D;DIRMED;AIX;Non;Non;Inconnu
01/01/2024;A0051;1;13;N;0;888;890938,71;6258778,76;0;D;DIRMED;AIX;Non;Non;Inconnu
01/01/2024;A0051;2;13;N;0;1894;891525,73;6259568,5;0;D;DIRMED;AIX;Non;Non;Inconnu
01/01/2024;A0051;3;13;N;0;2903;891690,68;6260540,3;0;D;DIRMED;AIX;Non;Non;Inconnu
01/01/2024;A0051;4;13;N;0;3904;892413,23;6261248,76;0;D;DIRMED;AIX;Non;Non;Inconnu
01/01/2024;A0051;5;13;N;0;4904;893310,68;6261686,6;0;D;DIRMED;AIX;Non;Non;Inconnu
01/01/2024;A0051;6;13;N;0;5893;893981,05;6262365,62;0;D;DIRMED;AIX;Non;Non;Inconnu
01/01/2024;A0051;7;13;N;0;6899;894042,8;6263357,97;0;D;DIRMED;AIX;Non;Non;Inconnu
01/01/2024;A0051;8;13;N;0;7901;894040,23;6264356,36;0;D;DIRMED;AIX;Non;Non;Inconnu
01/01/2024;A0051;9;13;N;0;8895;894563,08;6265185,66;0;D;DIRMED;AIX;Non;Non;Inconnu
01/01/2024;A0051;10;13;N;0;9903;894862,07;6266119,26;0;D;DIRMED;AIX;Non;Non;Inconnu
01/01/2024;A0051;11;13;N;0;10901;894884,88;6267113,76;0;D;DIRMED;AIX;Non;Non;Inconnu
01/01/2024;A0051;12;13;N;0;11896;894860,33;6268103,89;0;D;DIRMED;AIX;Non;Non;Inconnu
01/01/2024;A0051;13;13;N;0;12890;894739,85;6269090,4;0;D;DIRMED;AIX;Non;Non;Inconnu
01/01/2024;A0051;14;13;N;0;13888;894805,69;6270072,37;0;D;DIRMED;AIX;Non;Non;Inconnu
01/01/2024;A0051;15;13;N;0;14882;895414,73;6270841,19;0;D;DIRMED;AIX;Non;Non;Inconnu
01/01/2024;A0051;16;13;N;0;15905;896284,17;6271342,28;0;D;DIRMED;AIX;Non;Non;Inconnu
01/01/2024;A0051;17;13;N;0;16915;896261,63;6272304,41;0;D;DIRMED;AIX;Non;Non;Inconnu
01/01/2024;A0055;1;13;N;0;0;892215,8;6248828,74;0;D;DIRMED;PDB;Non;Non;Inconnu
01/01/2024;A0055;2;13;N;0;562;891883,77;6249272,92;0;D;DIRMED;PDB;Non;Non;Inconnu
01/01/2024;A0055;3;13;N;0;1564;891646,9;6250178,72;0;D;DIRMED;PDB;Non;Non;Inconnu
01/01/2024;A0055;4;13;N;0;2567;891016,33;6250934,39;0;D;DIRMED;PDB;Non;Non;Inconnu
01/01/2024;A0055;5;13;N;0;3567;890526,58;6251725,47;0;D;DIRMED;PDB;Non;Non;Inconnu
01/01/2024;A0055;6;13;N;0;4563;890210,18;6252651,67;0;D;DIRMED;PDB;Non;Non;Inconnu
01/01/2024;A0055;7;13;N;0;5571;890361,72;6253549,41;0;D;DIRMED;PDB;Oui;Non;8GB_6BBSG_2.5BBTM
01/01/2024;A0055;8;13;N;0;6573;889831,42;6254410,01;0;D;DIRMED;PDB;Oui;Non;8GB_6BBSG_2.5BBTM
01/01/2024;A0055;9;13;N;0;7555;888955,84;6254734,51;0;D;DIRMED;PDB;Non;Non;Inconnu
01/01/2024;A0055;10;13;N;0;8556;888158,08;6255320,42;0;D;DIRMED;PDB;Non;Non;Inconnu
01/01/2024;A0055;11;13;N;0;9559;887754,34;6256231,19;0;D;DIRMED;PDB;Oui;Non;6BBSG_2.5BBTM
01/01/2024;A0055;12;13;N;0;10558;887070,64;6256909,91;0;D;DIRMED;PDB;Oui;Non;6BBSG_2.5BBTM
01/01/2024;A0055;13;13;N;0;11557;886395,95;6257631,83;0;D;DIRMED;PDB;Non;Non;Inconnu
01/01/2024;A0055;14;13;N;0;12560;885836,81;6258308,88;0;D;DIRMED;PDB;Non;Non;Inconnu
01/01/2024;A0055;15;13;N;0;13131;885320,18;6258084,53;0;D;DIRMED;PDB;Non;Non;Inconnu
01/01/2024;A0055;16;13;N;0;14121;884532,27;6257500,94;0;D;DIRMED;PDB;Non;Non;Inconnu
01/01/2024;A0055;17;13;N;0;15116;883552,35;6257336,17;0;D;DIRMED;PDB;Non;Non;Inconnu
01/01/2024;A0055;18;13;N;0;16122;882547,96;6257323,64;0;D;DIRMED;PDB;Non;Non;Inconnu
01/01/2024;A0055;19;13;N;0;17127;881716,58;6256789,48;0;D;DIRMED;PDB;Non;Non;Inconnu
01/01/2024;A0055;20;13;N;0;18127;880811,08;6256388,82;0;D;DIRMED;PDB;Non;Non;Inconnu
01/01/2024;A0055;21;13;N;0;19121;879927,93;6255969,69;0;D;DIRMED;PDB;Non;Non;Inconnu
01/01/2024;A0055;22;13;N;0;20133;878938,72;6255963,64;0;D;DIRMED;PDB;Non;Non;Inconnu
01/01/2024;A0055;23;13;N;0;21130;878184,54;6255321,28;0;D;DIRMED;PDB;Non;Non;Inconnu
01/01/2024;A0055;24;13;N;0;22125;877215,25;6255126,75;0;D;DIRMED;PDB;Non;Non;Inconnu
01/01/2024;A0055;25;13;N;0;23118;876288,49;6255445,45;0;D;DIRMED;PDB;Non;Non;Inconnu
01/01/2024;A0055;26;13;N;0;24124;875360,16;6255803,9;0;D;DIRMED;PDB;Non;Non;Inconnu
01/01/2024;A0055;27;13;N;0;25123;874476,34;6256260,06;0;D;DIRMED;PDB;Non;Non;Inconnu
01/01/2024;A0055;28;13;N;0;26124;873607,5;6256732,16;0;D;DIRMED;PDB;Non;Non;Inconnu
01/01/2024;A0055;29;13;N;0;27124;872706,07;6257155,44;0;D;DIRMED;PDB;Non;Non;Inconnu
01/01/2024;A0055;30;13;N;0;28117;871919,19;6257763,47;0;D;DIRMED;PDB;Non;Non;Inconnu
01/01/2024;A0055;31;13;N;0;29134;871089,48;6258286,89;0;D;DIRMED;PDB;Non;Non;Inconnu
01/01/2024;A0055;32;13;N;0;30138;870154,74;6257947,05;0;D;DIRMED;PDB;Non;Non;Inconnu
01/01/2024;A0055;33;13;N;0;31139;869173,73;6257763,33;0;D;DIRMED;PDB;Non;Non;Inconnu
01/01/2024;A0055;34;13;N;0;32143;868179,6;6257641,3;0;D;DIRMED;PDB;Non;Non;Inconnu
01/01/2024;A0055;35;13;N;0;33146;867295,26;6257194,14;0;D;DIRMED;PDB;Non;Non;Inconnu
01/01/2024;A0055;36;13;N;0;34137;866317,51;6257199,42;0;D;DIRMED;PDB;Non;Non;Inconnu
01/01/2024;A0055;37;13;N;0;35133;865621,01;6257902,95;0;D;DIRMED;PDB;Non;Non;Inconnu
01/01/2024;A0055;38;13;N;0;36142;865059,32;6258731,65;0;D;DIRMED;PDB;Non;Non;Inconnu
01/01/2024;N0113;15;34;N;0;56598;780524,02;6284436,14;0;D;DIRMED;PDB;Non;Non;Inconnu
01/01/2024;N0113;16;34;N;0;57512;779541,82;6284425,4;0;D;DIRMED;PDB;Non;Non;Inconnu
01/01/2024;N0113;29;30;N;0;19783;807852,42;6302772,69;0;D;DIRMED;PDB;Non;Non;Inconnu
01/01/2024;N0113;30;30;N;0;19953;807686,59;6302703,26;0;D;DIRMED;PDB;Non;Non;Inconnu
01/01/2024;N0113;32;30;N;0;21979;806242,5;6301369,08;0;D;DIRMED;PDB;Non;Non;Inconnu
01/01/2024;N0113;60;13;N;0;0;847968,17;6283767,52;0;D;DIRMED;PDB;Non;Oui;Inconnu
01/01/2024;N0113;61;13;N;0;1338;846800,27;6283088,21;0;D;DIRMED;PDB;Non;Oui;Inconnu
01/01/2024;N0113;62;13;N;0;2335;845842,14;6282840,81;0;D;DIRMED;PDB;Non;Oui;Inconnu
01/01/2024;N0113;63;13;N;0;3329;844860,53;6282973,64;0;D;DIRMED;PDB;Oui;Oui;8GBVL_6BBSG_2.5BBTM
01/01/2024;N0113;64;13;N;0;4327;843900,45;6283239,61;0;D;DIRMED;PDB;Oui;Oui;8GBVL_6BBSG_2.5BBTM
01/01/2024;N0113;65;13;N;0;5549;842754,6;6282957;0;D;DIRMED;PDB;Oui;Oui;8GBVL_6BBSG_2.5BBTM
01/01/2024;N0113;66;13;N;0;6546;841796,12;6282729,4;0;D;DIRMED;PDB;Non;Oui;Inconnu
01/01/2024;N0113;67;13;N;0;7543;840841,53;6282993,32;0;D;DIRMED;PDB;Non;Oui;Inconnu
01/01/2024;N0113;68;13;N;0;8543;839985,73;6283511,72;0;D;DIRMED;PDB;Non;Oui;Inconnu
01/01/2024;N0113;69;13;N;0;9539;839037,18;6283823,43;0;D;DIRMED;PDB;Non;Oui;Inconnu
01/01/2024;N0113;70;13;N;0;10597;838025,2;6284121,4;0;D;DIRMED;PDB;Non;Oui;Inconnu
01/01/2024;N0113;71;13;N;0;11543;837115,64;6284387,66;0;D;DIRMED;PDB;Non;Oui;Inconnu
01/01/2024;N0113;72;13;N;0;12541;836159,26;6284667,64;0;D;DIRMED;PDB;Non;Oui;Inconnu
01/01/2024;N0113;73;13;N;0;13546;835194,45;6284948,29;0;D;DIRMED;PDB;Non;Oui;Inconnu
01/01/2024;N0113;74;13;N;0;14546;834236,86;6285229,2;0;D;DIRMED;PDB;Non;Oui;Inconnu
01/01/2024;N0113;75;13;N;0;15549;833290,95;6285554,82;0;D;DIRMED;PDB;Non;Oui;Inconnu
01/01/2024;N0113;76;13;N;0;16542;832403,44;6285998,82;0;D;DIRMED;PDB;Non;Oui;Inconnu
01/01/2024;N0113;77;13;N;0;17548;831573,3;6286556,97;0;D;DIRMED;PDB;Non;Oui;Inconnu
01/01/2024;N0113;78;13;N;0;18547;830866,5;6287267,59;0;D;DIRMED;PDB;Non;Non;Inconnu
01/01/2024;N0568;0;13;N;0;0;840626,35;6283095,85;0;D;DIRMED;PDB;Non;Non;Inconnu
01/01/2024;N0568;1;13;N;0;853;841086,56;6282416,55;0;D;DIRMED;PDB;Non;Non;Inconnu
01/01/2024;N0568;2;13;N;0;1660;841362,77;6281659,1;0;D;DIRMED;PDB;Non;Non;Inconnu
01/01/2024;N0568;3;13;N;0;2662;841893,35;6280820,21;0;D;DIRMED;PDB;Non;Non;Inconnu
01/01/2024;N0568;4;13;N;0;3660;842234,92;6279904,32;0;D;DIRMED;PDB;Non;Non;Inconnu
01/01/2024;N0568;5;13;N;0;4665;842197,59;6278902,34;0;D;DIRMED;PDB;Non;Non;Inconnu
01/01/2024;N0568;6;13;N;0;5657;842535,17;6277981,95;0;D;DIRMED;PDB;Non;Non;Inconnu
01/01/2024;N0568;7;13;N;0;6625;843053,2;6277187,88;0;D;DIRMED;PDB;Non;Non;Inconnu
01/01/2024;N0568;8;13;N;0;7623;843883,03;6276647,83;0;D;DIRMED;PDB;Non;Non;Inconnu
01/01/2024;N0568;9;13;N;0;8626;844568,98;6275915,89;0;D;DIRMED;PDB;Non;Non;Inconnu
01/01/2024;N0568;10;13;N;0;9624;845250,46;6275189,64;0;D;DIRMED;PDB;Non;Non;Inconnu
01/01/2024;N0568;11;13;N;0;10621;845889,8;6274426,65;0;D;DIRMED;PDB;Non;Non;Inconnu
01/01/2024;N0568;12;13;N;0;11628;846456,86;6273595,41;0;D;DIRMED;PDB;Non;Non;Inconnu
01/01/2024;N0568;13;13;N;0;12624;847078,2;6272824,54;0;D;DIRMED;PDB;Non;Non;Inconnu
01/01/2024;N0568;14;13;N;0;13624;847777,06;6272112,03;0;D;DIRMED;PDB;Non;Non;Inconnu
01/01/2024;N0568;15;13;N;0;14625;848477,93;6271399;0;D;DIRMED;PDB;Non;Non;Inconnu
01/01/2024;N0568;16;13;N;0;15625;849169,61;6270675,83;0;D;DIRMED;PDB;Non;Non;Inconnu
01/01/2024;N0568;17;13;N;0;16624;849859,19;6269953,42;0;D;DIRMED;PDB;Non;Non;Inconnu
01/01/2024;N0568;18;13;N;0;17626;850550,94;6269228,74;0;D;DIRMED;PDB;Non;Non;Inconnu
01/01/2024;N0568;19;13;N;0;18627;851252,68;6268516,71;0;D;DIRMED;PDB;Non;Non;Inconnu
01/01/2024;N0568;20;13;N;0;19629;851962,11;6267809,41;0;D;DIRMED;PDB;Non;Non;Inconnu
01/01/2024;N0568;21;13;N;0;20900;852764,26;6266968,3;0;D;DIRMED;PDB;Non;Non;Inconnu
01/01/2024;N0568;22;13;N;0;21884;853316,27;6266195,71;0;D;DIRMED;PDB;Non;Non;Inconnu
01/01/2024;N0568;23;13;N;0;22867;854106,68;6265648,69;0;D;DIRMED;PDB;Non;Non;Inconnu
01/01/2024;N0568;24;13;N;0;23850;854861,47;6265029,09;0;D;DIRMED;PDB;Non;Non;8GB_6BBSG_2.5BBTM
01/01/2024;N0568;25;13;N;0;24842;855495,48;6264276,75;0;D;DIRMED;PDB;Non;Oui;Inconnu
01/01/2024;N0568;26;13;N;0;25830;856163,17;6263557,95;0;D;DIRMED;PDB;Non;Oui;Inconnu
01/01/2024;N0568;27;13;N;0;26835;856861,34;6262897,33;0;D;DIRMED;PDB;Non;Oui;Inconnu
01/01/2024;N0568;28;13;N;0;27818;857153,48;6261961,62;0;D;DIRMED;PDB;Non;Oui;Inconnu
01/01/2024;N0568;29;13;N;0;28775;857549,25;6261054,96;0;D;DIRMED;PDB;Non;Oui;Inconnu
01/01/2024;N0568;30;13;N;0;29785;858526,02;6260837,42;0;D;DIRMED;PDB;Non;Oui;Inconnu
01/01/2024;N0568;31;13;N;0;30779;859503,55;6260635,84;0;D;DIRMED;PDB;Non;Oui;8GB_6BBSG_2.5BBTM
01/01/2024;N0568;32;13;N;0;31665;860163,97;6260094,68;0;D;DIRMED;PDB;Oui;Oui;8GB_6BBSG_2.5BBTM
01/01/2024;N0568;33;13;N;0;32606;860770,05;6259399,2;0;D;DIRMED;PDB;Non;Oui;6BBSG_2.5BBTM
01/01/2024;N0568;34;13;N;0;33646;861767,32;6259188,71;0;D;DIRMED;PDB;Non;Oui;6BBSG_2.5BBTM
01/01/2024;N0568;35;13;N;0;34712;862835,2;6259215,8;0;D;DIRMED;PDB;Non;Oui;8GBVL_6BBSG_2.5BBTM
01/01/2024;N0569;4;13;N;0;4372;861938,6;6280400,68;0;D;DIRMED;PDB;Non;Non;8GBVL_6BBSG_2.5BBTM
01/01/2024;N0569;5;13;N;0;5372;861066,65;6279928,53;0;D;DIRMED;PDB;Non;Non;8GBVL_6BBSG_2.5BBTM
01/01/2024;N0569;6;13;N;0;6372;860664,61;6279114,76;0;D;DIRMED;PDB;Non;Non;8GB_6BBSG_2.5BBTM
01/01/2024;N0296;0;13;N;0;0;896351,63;6273105,52;0;D;DIRMED;PDB;Non;Non;Inconnu
01/01/2024;N0296;1;13;N;0;1254;896657,56;6274308,15;0;D;DIRMED;PDB;Non;Non;Inconnu
01/01/2024;N0296;2;13;N;0;2114;896286,63;6275077,05;0;D;DIRMED;PDB;Non;Non;Inconnu
01/01/2024;N0296;3;13;N;0;2507;896422,06;6275328,07;0;D;DIRMED;PDB;Non;Non;Inconnu
01/01/2024;N0296;4;13;N;0;3541;897187,65;6275931,14;0;D;DIRMED;PDB;Non;Non;Inconnu
01/01/2024;N0296;5;13;N;0;4535;898057,88;6276402,79;0;D;DIRMED;PDB;Non;Non;Inconnu
01/01/2024;A0501;0;13;N;0;0;906832,01;6246549,64;0;D;DIRMED;MARSEILLE;Oui;Oui;Inconnu
01/01/2024;A0501;1;13;N;0;1004;907581,21;6247150,45;0;D;DIRMED;MARSEILLE;Oui;Oui;Inconnu
01/01/2024;A0501;2;13;N;0;2000;908179,42;6247939,52;0;D;DIRMED;MARSEILLE;Oui;Oui;Inconnu
01/01/2024;A0007;0;13;N;0;262273;881124,81;6269238,77;0;G;DIRMED;AIX;Non;Non;14GB_6BBSG_2.5BBTM
01/01/2024;A0007;254;13;N;0;262429;881152,98;6269084,52;0;G;DIRMED;AIX;Non;Non;14GB_6BBSG
01/01/2024;A0007;255;13;N;0;263431;881296,43;6268097,1;0;G;DIRMED;AIX;Non;Non;14GB_6BBSG
01/01/2024;A0007;256;13;N;0;264444;881279,73;6267095,9;0;G;DIRMED;AIX;Non;Non;14GB_6BBSG_2.5BBTM
01/01/2024;A0007;257;13;N;0;265446;880857,24;6266196,35;0;G;DIRMED;AIX;Non;Non;14GB_6BBSG_2.5BBTM
01/01/2024;A0007;258;13;N;0;266440;880910,83;6265208,43;0;G;DIRMED;AIX;Non;Non;14GBVL_8GBVMVR_7BBSG_2.5BBTM
01/01/2024;A0007;259;13;N;0;267436;881125,89;6264240,57;0;G;DIRMED;AIX;Non;Non;5BBSG
01/01/2024;A0007;260;13;N;0;268433;881596,48;6263364,47;0;G;DIRMED;AIX;Non;Non;5BBSG
01/01/2024;A0007;261;13;N;0;269435;882256,96;6262609,63;0;G;DIRMED;AIX;Non;Non;Inconnu
01/01/2024;A0007;262;13;N;0;270434;882874,82;6261828,06;0;G;DIRMED;AIX;Non;Non;Inconnu
01/01/2024;A0007;263;13;N;0;271439;883489,45;6261029,45;0;G;DIRMED;AIX;Non;Non;Inconnu
01/01/2024;A0007;264;13;N;0;272435;884194,34;6260327,25;0;G;DIRMED;AIX;Non;Non;Inconnu
01/01/2024;A0007;265;13;N;0;273330;884861,63;6259735;0;G;DIRMED;AIX;Non;Non;Inconnu
01/01/2024;A0007;266;13;N;0;274424;885719,13;6259063,07;0;G;DIRMED;AIX;Non;Non;Inconnu
01/01/2024;A0007;267;13;N;0;275419;886686,92;6258816,53;0;G;DIRMED;AIX;Non;Non;Inconnu
01/01/2024;A0007;268;13;N;0;276417;887668,1;6258894,59;0;G;DIRMED;AIX;Non;Non;Inconnu
01/01/2024;A0007;269;13;N;0;277427;888629,27;6259202,49;0;G;DIRMED;AIX;Non;Non;Inconnu
01/01/2024;A0007;270;13;N;0;278434;889599,08;6259016,5;0;G;DIRMED;AIX;Non;Non;Inconnu
01/01/2024;A0007;271;13;N;0;279437;890380,58;6258440,72;0;G;DIRMED;AIX;Oui;Oui;14GB_6BBSG_2.5BBTM
01/01/2024;A0007;272;13;N;0;280467;890569,26;6257458,2;0;G;DIRMED;MARSEILLE;Oui;Oui;12GB_6BBSG
01/01/2024;A0007;273;13;N;0;281466;890662,86;6256471,83;0;G;DIRMED;MARSEILLE;Oui;Oui;12GB_6BBSG
01/01/2024;A0007;274;13;N;0;282464;891352,66;6255775,08;0;G;DIRMED;MARSEILLE;Oui;Oui;14GB_8VMMR_7BBSG_2.5BBTM
01/01/2024;A0007;275;13;N;0;283475;891427,63;6254784,07;0;G;DIRMED;MARSEILLE;Oui;Oui;14GB_6BBSG_2.5BBTM
01/01/2024;A0007;276;13;N;0;284410;891607,91;6253872,97;0;G;DIRMED;MARSEILLE;Oui;Oui;14GB_6BBSG_2.5BBTM
01/01/2024;A0007;277;13;N;0;285472;892139,88;6252971,88;0;G;DIRMED;MARSEILLE;Non;Oui;Inconnu
01/01/2024;A0007;278;13;N;0;286474;892755,54;6252183,6;0;G;DIRMED;MARSEILLE;Non;Oui;Inconnu
01/01/2024;A0007;279;13;N;0;287483;892888,47;6251194,8;0;G;DIRMED;MARSEILLE;Non;Oui;Inconnu
01/01/2024;A0007;280;13;N;0;288487;893003,16;6250198,41;0;G;DIRMED;MARSEILLE;Non;Oui;6BBSG_2.5BBTM
01/01/2024;A0007;281;13;N;0;289478;892911,84;6249212,04;0;G;DIRMED;MARSEILLE;Oui;Oui;5BBSG
01/01/2024;A0007;282;13;N;0;290496;892815,86;6248193,63;0;G;DIRMED;MARSEILLE;Oui;Oui;5BBSG
01/01/2024;A0050;0;13;N;0;0;894889,78;6245659,35;0;G;DIRMED;MARSEILLE;Non;Oui;Inconnu
01/01/2024;A0050;1;13;N;0;438;895310,74;6245779,84;0;G;DIRMED;MARSEILLE;Non;Oui;Inconnu
01/01/2024;A0050;2;13;N;0;1443;896301,42;6245863,39;0;G;DIRMED;MARSEILLE;Non;Oui;6BBSG_2.5BBTM
01/01/2024;A0050;3;13;N;0;2446;897286,01;6246034,31;0;G;DIRMED;MARSEILLE;Non;Oui;Inconnu
01/01/2024;A0050;4;13;N;0;3436;898251,21;6246277,59;0;G;DIRMED;MARSEILLE;Non;Oui;9GB_6BBSG_2.5BBTM
01/01/2024;A0050;5;13;N;0;4437;899131,94;6246750,02;0;G;DIRMED;MARSEILLE;Non;Oui;Inconnu
01/01/2024;A0050;6;13;N;0;5444;900066,64;6247082;0;G;DIRMED;MARSEILLE;Non;Oui;Inconnu
01/01/2024;A0050;7;13;N;0;6449;901053,75;6246909,14;0;G;DIRMED;MARSEILLE;Non;Oui;Inconnu
01/01/2024;A0050;8;13;N;0;7446;902025,05;6246675,6;0;G;DIRMED;MARSEILLE;Non;Oui;Inconnu
01/01/2024;A0050;9;13;N;0;8449;902998,24;6246440,84;0;G;DIRMED;MARSEILLE;Non;Oui;Inconnu
01/01/2024;A0050;10;13;N;0;9454;903971,11;6246208,6;0;G;DIRMED;MARSEILLE;Non;Oui;Inconnu
01/01/2024;A0050;11;13;N;0;10449;904958,7;6246146,01;0;G;DIRMED;MARSEILLE;Non;Non;Inconnu
01/01/2024;A0050;12;13;N;0;11451;905936,86;6246360,14;0;G;DIRMED;MARSEILLE;Non;Non;Inconnu
01/01/2024;A0050;13;13;N;0;12451;906906,35;6246595,01;0;G;DIRMED;MARSEILLE;Non;Non;Inconnu
01/01/2024;A0050;14;13;N;0;13452;907854,04;6246678,23;0;G;DIRMED;MARSEILLE;Non;Non;Inconnu
01/01/2024;A0050;15;13;N;0;14454;908767,58;6246273,82;0;G;DIRMED;MARSEILLE;Non;Non;Inconnu
01/01/2024;A0051;0;13;N;0;0;890524,33;6257870,59;0;G;DIRMED;AIX;Non;Non;Inconnu
01/01/2024;A0051;1;13;N;0;995;890918,02;6258771,77;0;G;DIRMED;AIX;Non;Non;Inconnu
01/01/2024;A0051;2;13;N;0;1993;891511,53;6259559,91;0;G;DIRMED;AIX;Non;Non;Inconnu
01/01/2024;A0051;3;13;N;0;3001;891678,79;6260545,66;0;G;DIRMED;AIX;Non;Non;Inconnu
01/01/2024;A0051;4;13;N;0;4009;892384,43;6261242,15;0;G;DIRMED;AIX;Non;Non;Inconnu
01/01/2024;A0051;5;13;N;0;5017;893277,62;6261687,34;0;G;DIRMED;AIX;Non;Non;Inconnu
01/01/2024;A0051;6;13;N;0;6009;893964,74;6262373,41;0;G;DIRMED;AIX;Non;Non;Inconnu
01/01/2024;A0051;7;13;N;0;6997;894022,37;6263350,93;0;G;DIRMED;AIX;Non;Non;Inconnu
01/01/2024;A0051;8;13;N;0;8014;894020,17;6264360,72;0;G;DIRMED;AIX;Non;Non;Inconnu
01/01/2024;A0051;9;13;N;0;9019;894547,96;6265200,39;0;G;DIRMED;AIX;Non;Non;Inconnu
01/01/2024;A0051;10;13;N;0;10017;894840,56;6266130,79;0;G;DIRMED;AIX;Non;Non;Inconnu
01/01/2024;A0051;11;13;N;0;11020;894865,39;6267126,24;0;G;DIRMED;AIX;Non;Non;Inconnu
01/01/2024;A0051;12;13;N;0;12015;894837,5;6268117,05;0;G;DIRMED;AIX;Non;Non;Inconnu
01/01/2024;A0051;13;13;N;0;13019;894716,92;6269112,67;0;G;DIRMED;AIX;Non;Non;Inconnu
01/01/2024;A0051;14;13;N;0;14026;894793,37;6270100,19;0;G;DIRMED;AIX;Non;Non;Inconnu
01/01/2024;A0051;15;13;N;0;15031;895419,74;6270864,04;0;G;DIRMED;AIX;Non;Non;Inconnu
01/01/2024;A0051;16;13;N;0;16030;896283,06;6271361,48;0;G;DIRMED;AIX;Non;Non;Inconnu
01/01/2024;A0051;17;13;N;0;17021;896249,27;6272301,76;0;G;DIRMED;AIX;Non;Non;Inconnu
01/01/2024;A0055;1;13;N;0;0;892121,18;6248676,94;0;G;DIRMED;PDB;Non;Non;Inconnu
01/01/2024;A0055;2;13;N;0;650;891871,9;6249264,52;0;G;DIRMED;PDB;Non;Non;Inconnu
01/01/2024;A0055;3;13;N;0;1654;891637,8;6250172,46;0;G;DIRMED;PDB;Non;Non;Inconnu
01/01/2024;A0055;4;13;N;0;2659;891002,13;6250929,14;0;G;DIRMED;PDB;Oui;Non;14GB_6BBSG
01/01/2024;A0055;5;13;N;0;3661;890515,3;6251715,67;0;G;DIRMED;PDB;Oui;Non;14GB_6BBSG
01/01/2024;A0055;6;13;N;0;4662;890195,76;6252649,78;0;G;DIRMED;PDB;Non;Non;Inconnu
01/01/2024;A0055;7;13;N;0;5658;890349,72;6253544,23;0;G;DIRMED;PDB;Oui;Non;9GB_6BBSG_2.5BBTM
01/01/2024;A0055;8;13;N;0;6667;889823,47;6254400,69;0;G;DIRMED;PDB;Oui;Non;9GB_6BBSG_2.5BBTM
01/01/2024;A0055;9;13;N;0;7658;888943,33;6254723,02;0;G;DIRMED;PDB;Oui;Non;9GB_6BBSG_2.5BBTM
01/01/2024;A0055;10;13;N;0;8690;888130,78;6255316,61;0;G;DIRMED;PDB;Non;Non;Inconnu
01/01/2024;A0055;11;13;N;0;9681;887735,4;6256224,47;0;G;DIRMED;PDB;Oui;Non;6BBSG_2.5BBTM
01/01/2024;A0055;12;13;N;0;10663;887058,41;6256891,97;0;G;DIRMED;PDB;Oui;Non;6BBSG_2.5BBTM
01/01/2024;A0055;13;13;N;0;11685;886373,28;6257623,7;0;G;DIRMED;PDB;Non;Non;2.5BBTM
01/01/2024;A0055;14;13;N;0;12594;885852,91;6258221,5;0;G;DIRMED;PDB;Non;Non;2.5BBTM
01/01/2024;A0055;15;13;N;0;13132;885351,14;6258028,3;0;G;DIRMED;PDB;Non;Non;2.5BBTM
01/01/2024;A0055;16;13;N;0;14122;884532,26;6257481,55;0;G;DIRMED;PDB;Non;Non;2.5BBTM
01/01/2024;A0055;17;13;N;0;15130;883549,66;6257318,12;0;G;DIRMED;PDB;Non;Non;Inconnu
01/01/2024;A0055;18;13;N;0;16130;882549,81;6257305,74;0;G;DIRMED;PDB;Non;Non;Inconnu
01/01/2024;A0055;19;13;N;0;17121;881725,8;6256773,91;0;G;DIRMED;PDB;Non;Non;Inconnu
01/01/2024;A0055;20;13;N;0;18133;880815,18;6256371,2;0;G;DIRMED;PDB;Non;Non;Inconnu
01/01/2024;A0055;21;13;N;0;19133;879926,1;6255950,57;0;G;DIRMED;PDB;Non;Non;Inconnu
01/01/2024;A0055;22;13;N;0;20128;878945,44;6255945,93;0;G;DIRMED;PDB;Non;Non;Inconnu
01/01/2024;A0055;23;13;N;0;21116;878190,47;6255308,45;0;G;DIRMED;PDB;Non;Non;Inconnu
01/01/2024;A0055;24;13;N;0;22129;877218,57;6255108,68;0;G;DIRMED;PDB;Oui;Non;2.5BBTM
01/01/2024;A0055;25;13;N;0;23133;876279,82;6255429,67;0;G;DIRMED;PDB;Oui;Non;2.5BBTM
01/01/2024;A0055;26;13;N;0;24129;875359,7;6255785,3;0;G;DIRMED;PDB;Oui;Non;2.5BBTM
01/01/2024;A0055;27;13;N;0;25140;874466,65;6256244,84;0;G;DIRMED;PDB;Oui;Non;2.5BBTM
01/01/2024;A0055;28;13;N;0;26132;873600,43;6256715,63;0;G;DIRMED;PDB;Oui;Non;2.5BBTM
01/01/2024;A0055;29;13;N;0;27141;872692,7;6257141,27;0;G;DIRMED;PDB;Oui;Non;6BBSG_2.5BBTM
01/01/2024;A0055;30;13;N;0;28141;871905,33;6257749,06;0;G;DIRMED;PDB;Oui;Non;6BBSG_2.5BBTM
01/01/2024;A0055;31;13;N;0;29137;871089,76;6258266,93;0;G;DIRMED;PDB;Oui;Non;6BBSG_2.5BBTM
01/01/2024;A0055;32;13;N;0;30135;870157,62;6257927,3;0;G;DIRMED;PDB;Non;Non;Inconnu
01/01/2024;A0055;33;13;N;0;31138;869175,25;6257744,94;0;G;DIRMED;PDB;Non;Non;8GBVL_6BBSG_2.5BBTM
01/01/2024;A0055;34;13;N;0;32139;868181,87;6257627,65;0;G;DIRMED;PDB;Non;Non;Inconnu
01/01/2024;A0055;35;13;N;0;33139;867299,2;6257180,31;0;G;DIRMED;PDB;Non;Non;Inconnu
01/01/2024;A0055;36;13;N;0;34145;866308,08;6257185,51;0;G;DIRMED;PDB;Non;Non;Inconnu
01/01/2024;A0055;37;13;N;0;35155;865606,47;6257893,72;0;G;DIRMED;PDB;Non;Non;Inconnu
01/01/2024;A0055;38;13;N;0;36159;865050,39;6258723,85;0;G;DIRMED;PDB;Non;Non;Inconnu
01/01/2024;N0113;15;34;N;0;56444;780526,71;6284426,6;0;G;DIRMED;PDB;Non;Non;Inconnu
01/01/2024;N0113;16;34;N;0;57398;779543,88;6284419,83;0;G;DIRMED;PDB;Non;Non;Inconnu
01/01/2024;N0113;29;30;N;0;19680;807864,78;6302721,93;0;G;DIRMED;PDB;Non;Non;Inconnu
01/01/2024;N0113;30;30;N;0;19850;807690,39;6302691,41;0;G;DIRMED;PDB;Non;Non;Inconnu
01/01/2024;N0113;32;30;N;0;21871;806245,56;6301357,79;0;G;DIRMED;PDB;Non;Non;Inconnu
01/01/2024;N0113;60;13;N;0;0;847852,92;6283715,51;0;G;DIRMED;PDB;Non;Oui;Inconnu
01/01/2024;N0113;61;13;N;0;1227;846804,35;6283079,87;0;G;DIRMED;PDB;Non;Oui;Inconnu
01/01/2024;N0113;62;13;N;0;2231;845843,74;6282831,68;0;G;DIRMED;PDB;Non;Oui;Inconnu
01/01/2024;N0113;63;13;N;0;3230;844860,96;6282963,86;0;G;DIRMED;PDB;Non;Oui;Inconnu
01/01/2024;N0113;64;13;N;0;4225;843899,25;6283230,39;0;G;DIRMED;PDB;Non;Oui;Inconnu
01/01/2024;N0113;65;13;N;0;5434;842756,45;6282947,42;0;G;DIRMED;PDB;Non;Oui;Inconnu
01/01/2024;N0113;66;13;N;0;6440;841790,8;6282720,29;0;G;DIRMED;PDB;Non;Oui;Inconnu
01/01/2024;N0113;67;13;N;0;7445;840834,51;6282986,44;0;G;DIRMED;PDB;Non;Oui;Inconnu
01/01/2024;N0113;68;13;N;0;8446;839980,2;6283504,1;0;G;DIRMED;PDB;Oui;Oui;8GBVL_6BBSG_2.5BBTM
01/01/2024;N0113;69;13;N;0;9441;839038,16;6283813,43;0;G;DIRMED;PDB;Oui;Oui;8GBVL_6BBSG_2.5BBTM
01/01/2024;N0113;70;13;N;0;10501;838019,63;6284111,84;0;G;DIRMED;PDB;Oui;Oui;8GBVL_6BBSG_2.5BBTM
01/01/2024;N0113;71;13;N;0;11445;837111,1;6284377,81;0;G;DIRMED;PDB;Oui;Oui;8GBVL_6BBSG_2.5BBTM
01/01/2024;N0113;72;13;N;0;12439;836153,06;6284657,78;0;G;DIRMED;PDB;Non;Oui;Inconnu
01/01/2024;N0113;73;13;N;0;13444;835191,52;6284938,64;0;G;DIRMED;PDB;Non;Oui;Inconnu
01/01/2024;N0113;74;13;N;0;14445;834231,71;6285220,23;0;G;DIRMED;PDB;Non;Oui;Inconnu
01/01/2024;N0113;75;13;N;0;15451;833283,94;6285547,2;0;G;DIRMED;PDB;Non;Oui;Inconnu
01/01/2024;N0113;76;13;N;0;16445;832394,63;6285992,09;0;G;DIRMED;PDB;Non;Oui;Inconnu
01/01/2024;N0113;77;13;N;0;17456;831558,48;6286557,56;0;G;DIRMED;PDB;Non;Oui;Inconnu
01/01/2024;N0113;78;13;N;0;18459;830859,62;6287261,77;0;G;DIRMED;PDB;Non;Oui;Inconnu
01/01/2024;N0568;0;13;N;0;0;840307,25;6283306,93;0;G;DIRMED;PDB;Non;Non;Inconnu
01/01/2024;N0568;1;13;N;0;1421;841106,95;6282416,76;0;G;DIRMED;PDB;Non;Non;Inconnu
01/01/2024;N0568;2;13;N;0;2228;841382,38;6281660,97;0;G;DIRMED;PDB;Non;Non;Inconnu
01/01/2024;N0568;3;13;N;0;3216;841926,12;6280843;0;G;DIRMED;PDB;Non;Non;Inconnu
01/01/2024;N0568;4;13;N;0;4247;842275,16;6279901,42;0;G;DIRMED;PDB;Non;Non;Inconnu
01/01/2024;N0568;5;13;N;0;5254;842241,85;6278898,3;0;G;DIRMED;PDB;Non;Non;Inconnu
01/01/2024;N0568;6;13;N;0;6227;842571,57;6277992,32;0;G;DIRMED;PDB;Non;Non;Inconnu
01/01/2024;N0568;7;13;N;0;7154;843084,53;6277236,09;0;G;DIRMED;PDB;Non;Non;Inconnu
01/01/2024;N0568;8;13;N;0;8159;843911,4;6276677,48;0;G;DIRMED;PDB;Non;Non;Inconnu
01/01/2024;N0568;9;13;N;0;9159;844595,34;6275949,45;0;G;DIRMED;PDB;Non;Non;Inconnu
01/01/2024;N0568;10;13;N;0;10158;845278,8;6275220,61;0;G;DIRMED;PDB;Non;Non;Inconnu
01/01/2024;N0568;11;13;N;0;11160;845921,72;6274451,84;0;G;DIRMED;PDB;Non;Non;Inconnu
01/01/2024;N0568;12;13;N;0;12168;846489,03;6273619,99;0;G;DIRMED;PDB;Non;Non;Inconnu
01/01/2024;N0568;13;13;N;0;13159;847109,62;6272850,82;0;G;DIRMED;PDB;Non;Non;Inconnu
01/01/2024;N0568;14;13;N;0;14158;847806,83;6272141,3;0;G;DIRMED;PDB;Non;Non;Inconnu
01/01/2024;N0568;15;13;N;0;15159;848508,19;6271425,77;0;G;DIRMED;PDB;Non;Non;Inconnu
01/01/2024;N0568;16;13;N;0;16152;849201,1;6270704,29;0;G;DIRMED;PDB;Non;Non;Inconnu
01/01/2024;N0568;17;13;N;0;17153;849891,16;6269980,29;0;G;DIRMED;PDB;Non;Non;Inconnu
01/01/2024;N0568;18;13;N;0;18154;850580,16;6269257,28;0;G;DIRMED;PDB;Non;Non;Inconnu
01/01/2024;N0568;19;13;N;0;19153;851280,31;6268546,64;0;G;DIRMED;PDB;Non;Non;Inconnu
01/01/2024;N0568;20;13;N;0;20153;851987,78;6267840,27;0;G;DIRMED;PDB;Non;Non;Inconnu
01/01/2024;N0568;21;13;N;0;21325;852771,35;6266976,38;0;G;DIRMED;PDB;Non;Non;Inconnu
01/01/2024;N0568;22;13;N;0;22331;853424,86;6266248,52;0;G;DIRMED;PDB;Non;Non;Inconnu
01/01/2024;N0568;23;13;N;0;23323;854178,88;6265603,28;0;G;DIRMED;PDB;Non;Non;Inconnu
01/01/2024;N0568;24;13;N;0;24306;854917,16;6264971,34;0;G;DIRMED;PDB;Non;Non;Inconnu
01/01/2024;N0568;25;13;N;0;25297;855530,81;6264253,5;0;G;DIRMED;PDB;Non;Oui;Inconnu
01/01/2024;N0568;26;13;N;0;26280;856201,6;6263537,34;0;G;DIRMED;PDB;Oui;Oui;8GB_6BBSG
01/01/2024;N0568;27;13;N;0;27261;856871,86;6262896,54;0;G;DIRMED;PDB;Oui;Oui;8GB_6BBSG
01/01/2024;N0568;28;13;N;0;28246;857162,49;6261962,4;0;G;DIRMED;PDB;Oui;Oui;8GB_6BBSG
01/01/2024;N0568;29;13;N;0;29273;857551,63;6261063,82;0;G;DIRMED;PDB;Oui;Oui;8GB_7BBSG
01/01/2024;N0568;30;13;N;0;30275;858525,72;6260846,72;0;G;DIRMED;PDB;Non;Oui;Inconnu
01/01/2024;N0568;31;13;N;0;31278;859508,92;6260643,85;0;G;DIRMED;PDB;Non;Oui;Inconnu
01/01/2024;N0568;32;13;N;0;32168;860177,51;6260098,72;0;G;DIRMED;PDB;Non;Oui;Inconnu
01/01/2024;N0568;33;13;N;0;33098;860776,1;6259405,02;0;G;DIRMED;PDB;Oui;Oui;6BBSG_2.5BBTM
01/01/2024;N0568;34;13;N;0;34126;861768,83;6259196,82;0;G;DIRMED;PDB;Oui;Oui;14GBVL_8GBVR_6BBSG_2.5BBTM
01/01/2024;N0568;35;13;N;0;35192;862836,33;6259223,85;0;G;DIRMED;PDB;Oui;Oui;14GBVL_8GBVR_6BBSG_2.5BBTM
01/01/2024;N0569;4;13;N;0;4371;861944,95;6280392,93;0;G;DIRMED;PDB;Non;Oui;Inconnu
01/01/2024;N0569;5;13;N;0;5374;861070,5;6279919,25;0;G;DIRMED;PDB;Non;Oui;Inconnu
01/01/2024;N0569;6;13;N;0;6361;860674,64;6279115,39;0;G;DIRMED;PDB;Non;Oui;Inconnu
01/01/2024;N0296;0;13;N;0;0;896340,11;6273107,44;0;G;DIRMED;PDB;Non;Non;Inconnu
01/01/2024;N0296;1;13;N;0;1260;896644,1;6274305,86;0;G;DIRMED;PDB;Non;Non;Inconnu
01/01/2024;N0296;2;13;N;0;2116;896253,71;6275100,7;0;G;DIRMED;PDB;Non;Non;Inconnu
01/01/2024;N0296;3;13;N;0;2687;896421,53;6275339,07;0;G;DIRMED;PDB;Non;Non;Inconnu
01/01/2024;N0296;4;13;N;0;3714;897183,49;6275939,15;0;G;DIRMED;PDB;Non;Non;Inconnu
01/01/2024;N0296;5;13;N;0;4707;898052,31;6276409,9;0;G;DIRMED;PDB;Non;Non;Inconnu
01/01/2024;A0501;0;13;N;0;0;907114,9;6246698,78;0;G;DIRMED;MARSEILLE;Non;Oui;Inconnu
01/01/2024;A0501;1;13;N;0;655;907570,91;6247155,3;0;G;DIRMED;MARSEILLE;Non;Oui;Inconnu
01/01/2024;A0501;2;13;N;0;1660;908171,26;6247947,36;0;G;DIRMED;MARSEILLE;Non;Oui;Inconnu
01/01/2024;N0113;0;34;N;0;41287;793924,87;6288924,09;0;I;DIRMED;PDB;Non;Oui;Inconnu
01/01/2024;N0113;1;34;N;0;42372;793166,25;6288175,8;0;I;DIRMED;PDB;Non;Oui;Inconnu
01/01/2024;N0113;2;34;N;0;43406;792416,9;6287520;0;I;DIRMED;PDB;Non;Oui;Inconnu
01/01/2024;N0113;3;34;N;0;44361;791724,8;6287061,67;0;I;DIRMED;PDB;Non;Oui;Inconnu
01/01/2024;N0113;4;34;N;0;45397;790803,5;6287018,97;0;I;DIRMED;PDB;Non;Non;Inconnu
01/01/2024;N0113;5;34;N;0;46377;789837,48;6287218,02;0;I;DIRMED;PDB;Non;Non;Inconnu
01/01/2024;N0113;6;34;N;0;47393;788840,55;6287407,95;0;I;DIRMED;PDB;Non;Non;Inconnu
01/01/2024;N0113;7;34;N;0;48398;787886,7;6287220,73;0;I;DIRMED;PDB;Non;Non;Inconnu
01/01/2024;N0113;8;34;N;0;49359;786992,6;6286894,34;0;I;DIRMED;PDB;Non;Non;Inconnu
01/01/2024;N0113;9;34;N;0;50410;785964,5;6286783,47;0;I;DIRMED;PDB;Non;Non;Inconnu
01/01/2024;N0113;10;34;N;0;51414;785069,35;6286696,05;0;I;DIRMED;PDB;Non;Non;Inconnu
01/01/2024;N0113;11;34;N;0;52579;784235,81;6285884,53;0;I;DIRMED;PDB;Non;Non;Inconnu
01/01/2024;N0113;12;34;N;0;53582;783340,24;6285416,68;0;I;DIRMED;PDB;Non;Non;Inconnu
01/01/2024;N0113;13;34;N;0;54585;782403,63;6285092,13;0;I;DIRMED;PDB;Non;Non;Inconnu
01/01/2024;N0113;14;34;N;0;55582;781460,52;6284770,69;0;I;DIRMED;PDB;Non;Non;Inconnu
01/01/2024;N0113;31;30;N;0;20984;806897,16;6302099,55;0;I;DIRMED;PDB;Non;Non;Inconnu
01/01/2024;N0113;33;30;N;0;23193;806173,77;6300262,69;0;I;DIRMED;PDB;Non;Non;Inconnu
01/01/2024;N0113;34;30;N;0;24399;805690,22;6299213,17;0;I;DIRMED;PDB;Non;Non;Inconnu
01/01/2024;N0113;35;30;N;0;25608;804583,07;6299125,16;0;I;DIRMED;PDB;Non;Non;Inconnu
01/01/2024;N0113;36;30;N;0;26830;803671,35;6298349,26;0;I;DIRMED;PDB;Non;Non;Inconnu
01/01/2024;N0113;37;30;N;0;27822;803058,31;6297558,26;0;I;DIRMED;PDB;Non;Non;Inconnu
01/01/2024;N0113;38;30;N;0;28980;803095,51;6296475,41;0;I;DIRMED;PDB;Non;Non;Inconnu
01/01/2024;N0113;39;30;N;0;30153;802401,29;6295576,08;0;I;DIRMED;PDB;Non;Non;Inconnu
01/01/2024;N0113;40;30;N;0;31324;801429,66;6294981,57;0;I;DIRMED;PDB;Non;Non;Inconnu
01/01/2024;N0113;41;30;N;0;32479;800550,98;6294520,16;0;I;DIRMED;PDB;Non;Non;Inconnu
01/01/2024;N0113;42;30;N;0;33473;799791,5;6293878,83;0;I;DIRMED;PDB;Non;Non;Inconnu
01/01/2024;N0113;43;30;N;0;34475;799027,87;6293230,62;0;I;DIRMED;PDB;Non;Non;Inconnu
01/01/2024;N0113;44;30;N;0;35469;798192,23;6292703,52;0;I;DIRMED;PDB;Non;Non;Inconnu
01/01/2024;N0113;45;30;N;0;36470;797403,52;6292087,95;0;I;DIRMED;PDB;Non;Non;Inconnu
01/01/2024;N0113;46;30;N;0;37464;796751,49;6291365,3;0;I;DIRMED;PDB;Non;Non;Inconnu
01/01/2024;N0113;47;30;N;0;38472;796183;6290536,83;0;I;DIRMED;PDB;Non;Non;Inconnu
01/01/2024;N0113;48;30;N;0;39480;795424,31;6289918,84;0;I;DIRMED;PDB;Non;Non;Inconnu
01/01/2024;N0113;49;30;N;0;40487;794592,37;6289365,45;0;I;DIRMED;PDB;Non;Non;Inconnu
01/01/2024;N0569;0;13;N;0;0;863203,62;6284562,25;0;I;DIRMED;PDB;Oui;Non;Inconnu
01/01/2024;N0569;1;13;N;0;1413;862897,26;6283170,95;0;I;DIRMED;PDB;Non;Non;Inconnu
01/01/2024;N0569;2;13;N;0;2377;862680,38;6282197,76;0;I;DIRMED;PDB;Non;Non;Inconnu
01/01/2024;N0569;3;13;N;0;3372;862395,99;6281247,66;0;I;DIRMED;PDB;Oui;Non;8GB_7BBSG
01/01/2024;N0569;7;13;N;0;7502;860419,81;6278013,69;0;I;DIRMED;PDB;Non;Non;Inconnu
01/01/2024;N0569;8;13;N;0;8501;860284,68;6277036,49;0;I;DIRMED;PDB;Non;Non;Inconnu
01/01/2024;N0569;9;13;N;0;9501;859749,57;6276204,68;0;I;DIRMED;PDB;Non;Non;Inconnu
01/01/2024;N0569;10;13;N;0;10500;859086,59;6275462,09;0;I;DIRMED;PDB;Non;Non;Inconnu
01/01/2024;N0569;11;13;N;0;11497;858415,73;6274727,39;0;I;DIRMED;PDB;Non;Non;Inconnu
01/01/2024;N0569;12;13;N;0;12497;858078,39;6273794,77;0;I;DIRMED;PDB;Oui;Non;14GB_7BBSG
01/01/2024;N0569;13;13;N;0;13496;858289,11;6272822,11;0;I;DIRMED;PDB;Non;Non;Inconnu
01/01/2024;N0569;14;13;N;0;14494;858577,64;6271866,5;0;I;DIRMED;PDB;Non;Non;Inconnu
01/01/2024;N0569;15;13;N;0;15414;858784,41;6270898,88;0;I;DIRMED;PDB;Non;Non;Inconnu
01/01/2024;N0569;16;13;N;0;16412;858922,02;6269910,88;0;I;DIRMED;PDB;Non;Non;Inconnu
01/01/2024;N0569;17;13;N;0;17407;859055,53;6268923,99;0;I;DIRMED;PDB;Non;Non;Inconnu
01/01/2024;N0569;18;13;N;0;18348;858999,78;6267939,71;0;I;DIRMED;PDB;Non;Non;Inconnu
01/01/2024;N0569;19;13;N;0;19039;858900,06;6267253,08;0;I;DIRMED;PDB;Non;Non;Inconnu
01/01/2024;N0569;20;13;N;0;20036;858469,28;6266375,09;0;I;DIRMED;PDB;Non;Non;Inconnu
01/01/2024;N0569;21;13;N;0;21030;857961,61;6265559,75;0;I;DIRMED;PDB;Non;Non;Inconnu
01/01/2024;N0569;22;13;N;0;21885;857164,23;6265283,66;0;I;DIRMED;PDB;Non;Non;Inconnu
01/01/2024;N0569;23;13;N;0;22903;856289,24;6264867,87;0;I;DIRMED;PDB;Non;Non;Inconnu
